frame,interpolated,sample_ms,ready_ms,present_ms,gpu_wait_ms,caught_up
0,0,5.4969,15.0339,19.9787,3.7018,0
1,0,18.7764,27.6193,28.2145,0.1631,0
2,0,27.8439,35.7506,36.1738,0.2161,0
3,0,36.0042,44.0627,44.3848,0.1250,0
4,0,44.2251,51.8571,52.1731,0.1134,0
5,0,52.0079,59.9049,60.2831,0.1030,0
6,0,60.0432,67.8499,68.2324,0.1281,0
7,0,68.0168,76.1284,76.4342,0.1172,0
8,0,76.2785,83.9852,84.3034,0.1133,0
9,0,84.1402,92.1004,92.4107,0.1160,0
10,0,92.2566,100.0009,100.3132,0.1179,0
11,0,100.1546,108.2688,108.5707,0.1137,0
12,0,108.4166,116.1527,116.4619,0.1145,0
13,0,116.3015,124.2687,124.5693,0.1137,0
14,0,124.4162,132.1276,132.5437,0.1168,0
15,0,132.3065,140.3255,140.7078,0.1181,0
16,0,140.4846,148.3278,148.6369,0.1139,0
17,0,148.4750,156.2505,156.6215,0.1613,0
18,0,156.4504,164.3647,164.7297,0.1633,0
19,0,164.5688,172.4651,172.7767,0.1166,0
20,0,172.6201,180.5049,180.8478,0.1218,0
21,0,180.6634,188.3893,188.7610,0.1272,0
22,0,188.5550,196.4152,196.8384,0.1149,0
23,0,196.7333,204.5499,204.8630,0.1160,0
24,0,204.7011,212.5306,212.8747,0.1193,0
25,0,212.6870,220.3718,220.7142,0.1253,0
26,0,220.5345,228.4256,228.7319,0.1152,0
27,0,228.5751,236.4379,236.7678,0.1213,0
28,0,236.5948,244.5148,244.8291,0.1162,0
29,0,244.6653,252.3545,252.7412,0.1733,0
30,0,252.5649,260.4778,260.8062,0.1175,0
31,0,260.6314,268.5226,268.9141,0.1650,0
32,0,268.7261,276.6202,276.9648,0.1255,0
33,0,276.7830,284.4740,284.8063,0.1224,0
34,0,284.6333,292.5240,292.8510,0.1149,0
35,0,292.6757,300.5283,301.0073,0.1220,0
36,0,300.6856,308.7485,309.0720,0.1111,0
37,0,308.9015,316.7262,317.0395,0.1179,0
38,0,316.8785,324.8346,325.1594,0.1129,0
39,0,324.9955,332.8608,333.1843,0.1183,0
40,0,333.0193,340.9523,341.2568,0.1102,0
41,0,341.0970,348.8064,349.2165,0.1242,0
42,0,348.9675,356.7630,357.0759,0.1139,0
43,0,356.9408,364.7096,365.0421,0.1186,0
44,0,364.8684,372.6014,372.9348,0.1144,0
45,0,372.7501,380.5703,380.9452,0.1749,0
46,0,380.7825,388.4572,388.7651,0.1154,0
47,0,388.6078,396.5614,396.8771,0.1163,0
48,0,396.7149,404.4186,404.7798,0.1046,0
49,0,404.5901,412.4575,412.7767,0.1160,0
50,0,412.6145,420.4390,420.7597,0.1173,0
51,0,420.5934,428.7249,429.0373,0.1158,0
52,0,428.8776,436.6756,436.9922,0.1120,0
53,0,436.8234,444.8475,445.1668,0.1163,0
54,0,445.0083,452.8068,453.1211,0.1224,0
55,0,452.9671,461.1571,461.4732,0.1162,0
56,0,461.3083,469.1209,469.4188,0.1133,0
57,0,469.2669,477.3311,477.7064,0.1781,0
58,0,477.5441,485.4155,485.7480,0.1194,0
59,0,485.5708,493.7462,494.1005,0.1214,0
60,0,493.9127,501.8430,502.1574,0.1191,0
61,0,502.0020,510.0576,510.3501,0.1211,0
62,0,510.6713,518.4061,518.8308,0.1183,0
63,0,518.6183,526.9503,527.2840,0.1170,0
64,0,527.1030,534.9600,535.3567,0.1207,0
65,0,535.1372,543.3165,543.8203,0.2007,0
66,0,543.5555,551.5049,551.8370,0.1118,0
67,0,551.6561,559.8052,560.1182,0.1168,0
68,0,559.9552,567.7806,568.1083,0.1146,0
69,0,567.9429,576.0149,576.3753,0.1672,0
70,0,576.2193,584.0908,584.4004,0.1139,0
71,0,584.2444,592.3070,592.6176,0.1130,0
72,0,592.4581,599.9535,600.2835,0.1199,0
73,0,600.1107,607.9596,608.2989,0.1201,0
74,0,608.1172,615.8056,616.1354,0.1194,0
75,0,615.9603,623.7742,624.1493,0.1225,0
76,0,623.9590,631.6909,632.0218,0.1188,0
77,0,631.8464,639.5326,639.9791,0.1225,0
78,0,639.7599,647.5915,647.9885,0.1110,0
79,0,647.7883,655.5812,655.9477,0.1147,0
80,0,655.7867,663.6502,664.0317,0.1719,0
81,0,663.8638,671.7478,672.0750,0.1219,0
82,0,671.9112,679.8376,680.3206,0.1218,0
83,0,679.9966,688.0210,688.3564,0.1206,0
84,0,688.1770,696.1215,696.4866,0.1190,0
85,0,696.2893,704.0735,704.3945,0.1111,0
86,0,704.2247,712.0578,712.4173,0.1621,0
87,0,712.2565,720.1245,720.4673,0.1176,0
88,0,720.2940,728.2430,728.5628,0.1146,0
89,0,728.3942,736.0735,736.3864,0.1173,0
90,0,736.2259,744.1143,744.4781,0.1201,0
91,0,744.2852,751.9905,752.3245,0.1139,0
92,0,752.1642,759.9225,760.2335,0.1108,0
93,0,760.0746,767.8392,768.2177,0.1288,0
94,0,768.0056,776.0337,776.3479,0.1135,0
95,0,776.1868,783.9627,784.2951,0.1203,0
96,0,784.1187,792.1262,792.4656,0.1168,0
97,0,792.2796,800.2370,800.5735,0.1225,0
98,0,800.3960,808.4239,808.8254,0.1640,0
99,0,808.6516,816.6992,817.0434,0.1225,0
100,0,816.8613,824.9066,825.2614,0.1182,0
101,0,825.1349,833.0697,833.4027,0.1227,0
102,0,833.2281,841.2899,841.6298,0.1164,0
103,0,841.4431,849.3530,849.7305,0.1271,0
104,0,849.5209,857.6067,857.9371,0.1152,0
105,0,857.7600,865.8346,866.1763,0.1220,0
106,0,865.9988,873.8921,874.4280,0.3074,0
107,0,874.2395,882.2281,882.5633,0.1213,0
108,0,882.3849,890.3656,890.7390,0.1157,0
109,0,890.5168,898.8537,899.3507,0.1104,0
110,0,899.0108,907.3478,907.8210,0.2646,0
111,0,907.6576,915.7895,916.1074,0.1180,0
112,0,915.9450,924.2118,924.5246,0.1100,0
113,0,924.3576,932.6256,932.9449,0.1185,0
114,0,932.7809,941.2962,941.6665,0.1646,0
115,0,941.4977,950.0906,950.4348,0.1221,0
116,0,950.2507,958.9196,959.2588,0.1245,0
117,0,959.0816,967.5656,967.9141,0.1218,0
118,0,967.7254,976.5075,976.8353,0.1169,0
119,0,976.6582,985.1926,985.5358,0.1235,0
120,0,985.3587,994.1455,994.4609,0.1159,0
121,0,994.3006,1002.8389,1003.1762,0.1236,0
122,0,1002.9987,1011.9766,1012.2624,0.1132,0
123,0,1012.6447,1020.8173,1021.2248,0.1198,0
124,0,1021.0323,1029.8391,1030.1809,0.1212,0
125,0,1029.9960,1038.7294,1039.0949,0.1643,0
126,0,1038.9350,1048.0904,1048.4671,0.1265,0
127,0,1048.2560,1056.9896,1057.3060,0.1158,0
128,0,1057.2154,1065.5998,1065.9197,0.1127,0
129,0,1065.7533,1074.3841,1074.7224,0.1180,0
130,0,1074.5391,1083.0807,1083.3955,0.1140,0
131,0,1083.2341,1091.4547,1091.7951,0.1205,0
132,0,1091.6126,1099.6864,1100.0216,0.1234,0
133,0,1099.8464,1107.7597,1108.0988,0.1182,0
134,0,1107.9163,1115.6243,1115.9411,0.1194,0
135,0,1115.7790,1123.5148,1124.0434,0.1152,0
136,0,1123.7345,1131.4209,1131.8420,0.1103,0
137,0,1131.6145,1139.1271,1139.7634,0.2910,0
138,0,1139.5118,1147.3606,1147.7357,0.1712,0
139,0,1147.5701,1155.2720,1155.5943,0.1182,0
140,0,1155.4299,1162.9095,1163.2185,0.1130,0
141,0,1163.0578,1170.1583,1170.5031,0.1195,0
142,0,1170.3164,1177.8100,1178.1821,0.1197,0
143,0,1177.9631,1185.3591,1185.6796,0.1135,0
144,0,1185.5131,1192.7642,1193.0840,0.1143,0
145,0,1192.9200,1199.9804,1200.3251,0.1194,0
146,0,1200.1418,1207.3135,1207.8034,0.2263,0
147,0,1207.5855,1214.8337,1215.1745,0.1173,0
148,0,1214.9976,1222.0640,1222.3762,0.1120,0
149,0,1222.2118,1229.4291,1229.7666,0.1104,0
150,0,1229.5745,1236.6859,1237.0328,0.1150,0
151,0,1236.8353,1244.3244,1244.6448,0.1097,0
152,0,1244.4813,1251.7113,1252.0392,0.1144,0
153,0,1251.8736,1259.1091,1259.4946,0.1277,0
154,0,1259.2819,1266.5048,1266.8175,0.1152,0
155,0,1266.6609,1273.7960,1274.1668,0.1196,0
156,0,1273.9788,1281.1170,1281.4547,0.1216,0
157,0,1281.2760,1288.4129,1288.7851,0.1312,0
158,0,1288.5841,1295.9787,1296.3116,0.1171,0
159,0,1296.1333,1303.2711,1303.6020,0.1181,0
160,0,1303.4271,1310.9420,1311.2828,0.1177,0
161,0,1311.0963,1318.2544,1318.5751,0.1144,0
162,0,1318.4042,1325.7373,1326.0923,0.1242,0
163,0,1325.9038,1332.9158,1333.2337,0.1209,0
164,0,1333.0778,1340.1504,1340.4655,0.1154,0
165,0,1340.3053,1347.4715,1347.7707,0.1148,0
166,0,1347.6199,1354.7173,1355.0604,0.1119,0
167,0,1354.8696,1362.2708,1362.6858,0.1799,0
168,0,1362.4942,1369.8644,1370.2054,0.1219,0
169,0,1370.0252,1377.3682,1377.7006,0.1204,0
170,0,1377.5265,1384.6364,1385.0253,0.1204,0
171,0,1384.8037,1392.0994,1392.4142,0.1088,0
172,0,1392.2461,1399.3181,1399.6507,0.1132,0
173,0,1399.4779,1406.4503,1406.7692,0.1185,0
174,0,1406.6071,1413.8706,1414.1937,0.1164,0
175,0,1414.0239,1420.9847,1421.2996,0.1107,0
176,0,1421.1351,1428.4363,1428.7402,0.1139,0
177,0,1428.5854,1435.6302,1435.9423,0.1155,0
178,0,1435.7817,1442.9424,1443.2381,0.1137,0
179,0,1443.0897,1450.1773,1450.4944,0.1188,0
180,0,1450.3331,1457.6138,1457.9633,0.1268,0
181,0,1457.7792,1465.0386,1465.3519,0.1154,0
182,0,1465.1914,1472.2328,1472.5630,0.1195,0
183,0,1472.3885,1479.5938,1480.0746,0.1187,0
184,0,1479.7656,1486.9047,1487.2280,0.1117,0
185,0,1487.0653,1494.3670,1494.7555,0.1791,0
186,0,1494.5869,1501.8150,1502.1258,0.1190,0
187,0,1501.9734,1509.0791,1509.4157,0.1182,0
188,0,1509.2340,1516.2741,1516.5976,0.1197,0
189,0,1516.8742,1523.3899,1523.9315,0.1246,0
190,0,1523.6429,1531.2292,1531.5683,0.1195,0
191,0,1531.3851,1538.4206,1538.8103,0.1268,0
192,0,1538.5878,1545.9271,1546.2688,0.1194,0
193,0,1546.1339,1553.1065,1553.4360,0.1173,0
194,0,1553.2597,1560.6459,1560.9743,0.1179,0
195,0,1560.7977,1567.8290,1568.1626,0.1188,0
196,0,1567.9833,1575.2534,1575.5631,0.1142,0
197,0,1575.4028,1582.3994,1582.7332,0.1224,0
198,0,1582.5568,1589.5750,1589.9014,0.1192,0
199,0,1589.7293,1597.0846,1597.4216,0.1188,0
200,0,1597.2397,1604.2504,1604.6135,0.1229,0
201,0,1604.4102,1611.6842,1612.0133,0.1188,0
202,0,1611.8394,1618.8625,1619.2472,0.1281,0
203,0,1619.0269,1626.4697,1626.9533,0.1188,0
204,0,1626.6737,1633.7802,1634.2748,0.1182,0
205,0,1634.0045,1641.1889,1641.5895,0.1163,0
206,0,1641.3975,1648.4974,1648.9782,0.1683,0
207,0,1648.7145,1655.8544,1656.2077,0.1549,0
208,0,1656.0444,1663.3842,1663.7705,0.1268,0
209,0,1663.5520,1670.6281,1670.9284,0.1151,0
210,0,1670.8114,1677.9940,1678.3393,0.1221,0
211,0,1678.1548,1685.3614,1685.6835,0.1187,0
212,0,1685.5167,1692.6520,1692.9501,0.1135,0
213,0,1692.7993,1699.8398,1700.1827,0.1350,0
214,0,1700.0154,1706.9182,1707.2997,0.1297,0
215,0,1707.0905,1714.3309,1714.6710,0.1208,0
216,0,1714.4921,1721.5319,1721.8642,0.1204,0
217,0,1721.6889,1729.0317,1729.3846,0.1400,0
218,0,1729.2189,1736.4295,1736.7523,0.1141,0
219,0,1736.5884,1743.8865,1744.3151,0.1148,0
220,0,1744.0559,1751.2245,1751.5359,0.1133,0
221,0,1751.3731,1758.3087,1758.6245,0.1103,0
222,0,1758.4562,1765.4954,1765.8111,0.1157,0
223,0,1765.6488,1772.6552,1772.9654,0.1146,0
224,0,1772.8040,1780.2198,1780.5549,0.1193,0
225,0,1780.3748,1787.4163,1787.7503,0.1271,0
226,0,1787.5772,1794.8458,1795.1907,0.1273,0
227,0,1795.0216,1801.9737,1802.2850,0.1117,0
228,0,1802.1241,1809.3785,1809.6871,0.1121,0
229,0,1809.5256,1816.5853,1816.8913,0.1127,0
230,0,1816.7368,1823.7725,1824.2251,0.1707,0
231,0,1823.9933,1831.4856,1831.8023,0.1120,0
232,0,1831.6335,1838.5392,1838.9157,0.1264,0
233,0,1838.7062,1846.0030,1846.3119,0.1072,0
234,0,1846.1511,1853.0971,1853.4863,0.1270,0
235,0,1853.2647,1860.6362,1860.9825,0.1212,0
236,0,1860.7930,1867.9052,1868.2339,0.1354,0
237,0,1868.0786,1875.2095,1875.5216,0.1135,0
238,0,1875.3599,1882.3304,1882.6641,0.1197,0
239,0,1882.4850,1889.6050,1889.9229,0.1149,0
240,0,1889.7589,1896.9668,1897.2804,0.1110,0
241,0,1897.1178,1904.1971,1904.5170,0.1126,0
242,0,1904.3537,1911.6542,1911.9618,0.1144,0
243,0,1911.8047,1918.8358,1919.2302,0.1749,0
244,0,1919.0542,1926.7427,1927.0565,0.1199,0
245,0,1926.9010,1933.9209,1934.2379,0.1204,0
246,0,1934.1032,1941.2644,1941.5831,0.1138,0
247,0,1941.4196,1948.3749,1948.7678,0.1261,0
248,0,1948.5414,1955.4128,1955.7311,0.1263,0
249,0,1955.5772,1962.7990,1963.1664,0.1197,0
250,0,1962.9581,1970.2180,1970.5571,0.1193,0
251,0,1970.3758,1977.6541,1977.9840,0.1186,0
252,0,1977.8073,1984.8732,1985.1691,0.1132,0
253,0,1985.0185,1992.1699,1992.5002,0.1224,0
254,0,1992.3281,1999.4107,1999.7452,0.1189,0
255,0,1999.5654,2006.8525,2007.1537,0.1155,0
256,0,2007.0012,2014.2038,2014.5229,0.1202,0
257,0,2014.3637,2021.4537,2021.7404,0.1135,0
258,0,2022.0412,2028.8674,2029.3114,0.1205,0
259,0,2029.0991,2036.4491,2036.7914,0.1236,0
260,0,2036.6113,2043.9678,2044.3456,0.1141,0
261,0,2044.1167,2051.1721,2051.5394,0.1719,0
262,0,2051.3851,2058.7525,2059.1109,0.1173,0
263,0,2058.9073,2066.1412,2066.4751,0.1181,0
264,0,2066.2970,2073.4229,2073.7898,0.1244,0
265,0,2073.5851,2080.9234,2081.2346,0.1150,0
266,0,2081.0758,2088.0420,2088.4122,0.1261,0
267,0,2088.2084,2095.6474,2095.9621,0.1140,0
268,0,2095.7996,2102.8060,2103.1628,0.1157,0
269,0,2102.9578,2110.3031,2110.6129,0.1145,0
270,0,2110.4521,2117.5225,2117.8532,0.1224,0
271,0,2117.6813,2125.0841,2125.4190,0.1182,0
272,0,2125.2398,2132.3663,2132.7015,0.1194,0
273,0,2132.5217,2139.6382,2140.0582,0.1143,0
274,0,2139.8552,2147.0720,2147.5335,0.1191,0
275,0,2147.2928,2154.4225,2155.0288,0.1696,0
276,0,2154.6928,2162.3125,2162.6689,0.1494,0
277,0,2162.5062,2169.8280,2170.1948,0.1546,0
278,0,2170.0167,2177.5830,2177.8830,0.1148,0
279,0,2177.7323,2185.0411,2185.3627,0.1131,0
280,0,2185.1962,2192.4468,2192.7538,0.1092,0
281,0,2192.5917,2199.6520,2199.9828,0.1116,0
282,0,2199.8087,2206.8911,2207.1981,0.1152,0
283,0,2207.0443,2214.3541,2214.6650,0.1158,0
284,0,2214.5310,2221.5515,2221.8590,0.1129,0
285,0,2221.6991,2228.9655,2229.3442,0.1351,0
286,0,2229.1406,2236.1916,2236.5300,0.1205,0
287,0,2236.3500,2243.7733,2244.1037,0.1182,0
288,0,2243.9266,2251.2906,2251.6108,0.1228,0
289,0,2251.4474,2258.9048,2259.2007,0.1095,0
290,0,2259.0488,2266.1257,2266.4672,0.1187,0
291,0,2266.2822,2273.5394,2273.9991,0.1629,0
292,0,2273.7429,2281.1554,2281.4646,0.1155,0
293,0,2281.3046,2288.5179,2288.9049,0.1755,0
294,0,2288.7322,2296.2969,2296.6172,0.1212,0
295,0,2296.4552,2303.7366,2304.0679,0.1253,0
296,0,2303.9024,2311.3494,2311.6972,0.1159,0
297,0,2311.5289,2318.7075,2319.0301,0.1145,0
298,0,2318.8703,2326.2310,2326.5437,0.1133,0
299,0,2326.3812,2333.8818,2334.2029,0.1153,0
300,0,2334.0339,2341.7699,2342.0679,0.1104,0
301,0,2341.9163,2349.3059,2349.6805,0.1250,0
302,0,2349.4733,2356.9037,2357.2683,0.1253,0
303,0,2357.0650,2364.6742,2365.0407,0.1192,0
304,0,2364.8422,2372.5262,2372.8380,0.1127,0
305,0,2372.6741,2380.2536,2380.5680,0.1148,0
306,0,2380.4076,2387.8878,2388.1897,0.1144,0
307,0,2388.0357,2395.9816,2396.2908,0.1089,0
308,0,2396.1265,2403.7866,2404.1157,0.1255,0
309,0,2403.9597,2411.9157,2412.2338,0.1202,0
310,0,2412.0714,2419.7072,2420.0083,0.1154,0
311,0,2419.8575,2427.8424,2428.2043,0.1196,0
312,0,2428.0066,2436.0543,2436.3969,0.1228,0
313,0,2436.2185,2444.2696,2444.6214,0.1298,0
314,0,2444.4447,2452.2994,2452.6342,0.1198,0
315,0,2452.4553,2460.6191,2460.9535,0.1219,0
316,0,2460.7769,2468.5963,2469.0509,0.1216,0
317,0,2468.7578,2477.1432,2477.4586,0.1146,0
318,0,2477.2971,2485.0835,2485.4326,0.1483,0
319,0,2485.2688,2493.5411,2493.8749,0.1208,0
320,0,2493.7017,2501.5882,2501.9326,0.1176,0
321,0,2501.7519,2510.1368,2510.4670,0.1206,0
322,0,2510.2951,2518.3451,2518.6786,0.1153,0
323,0,2518.4980,2526.7566,2527.0482,0.1181,0
324,0,2527.3527,2534.9583,2535.3685,0.1045,0
325,0,2535.1884,2543.5808,2543.8933,0.1155,0
326,0,2543.7311,2551.9718,2552.3225,0.1204,0
327,0,2552.1318,2560.5348,2560.8790,0.1281,0
328,0,2560.6984,2568.8745,2569.2092,0.1188,0
329,0,2569.0301,2577.4929,2577.8304,0.1217,0
330,0,2577.6504,2585.7012,2586.0403,0.1195,0
331,0,2585.8640,2594.1075,2594.6921,0.1222,0
332,0,2594.3240,2602.4090,2602.7449,0.1263,0
333,0,2602.5708,2610.8808,2611.2793,0.1726,0
334,0,2611.0909,2619.1969,2619.5054,0.1110,0
335,0,2619.3458,2627.3933,2627.7115,0.1186,0
336,0,2627.5463,2635.3291,2635.6720,0.1197,0
337,0,2635.4872,2643.5286,2644.0012,0.1172,0
338,0,2643.7269,2651.8438,2652.2972,0.1123,0
339,0,2652.0365,2659.9710,2660.3577,0.1147,0
340,0,2660.1683,2667.8153,2668.2473,0.1653,0
341,0,2668.0229,2675.8790,2676.2313,0.1520,0
342,0,2676.0676,2684.0638,2684.4091,0.1087,0
343,0,2684.2180,2692.0640,2692.3779,0.1141,0
344,0,2692.2132,2699.8601,2700.1635,0.1162,0
345,0,2700.0109,2707.7689,2708.0797,0.1149,0
346,0,2707.9371,2715.8904,2716.2386,0.1207,0
347,0,2716.0555,2723.6668,2723.9881,0.1158,0
348,0,2723.8288,2731.3319,2731.6401,0.1154,0
349,0,2731.4824,2739.0025,2739.3267,0.1157,0
350,0,2739.1597,2746.9302,2747.2361,0.1176,0
351,0,2747.0801,2754.4668,2754.7867,0.1174,0
352,0,2754.6233,2762.4325,2762.7971,0.1229,0
353,0,2762.5936,2770.2077,2770.5538,0.1222,0
354,0,2770.3660,2778.2276,2778.5910,0.1267,0
355,0,2778.3925,2786.0120,2786.3585,0.1232,0
356,0,2786.1717,2793.9372,2794.2718,0.1179,0
357,0,2794.0886,2801.6560,2802.0204,0.1259,0
358,0,2801.8228,2809.5949,2809.9279,0.1241,0
359,0,2809.7541,2817.1806,2817.5260,0.1214,0
360,0,2817.3403,2825.1321,2825.4662,0.1181,0
361,0,2825.2884,2832.8833,2833.2295,0.1265,0
362,0,2833.0493,2840.6785,2841.2309,0.2871,0
363,0,2841.0054,2848.9683,2849.3596,0.1318,0
364,0,2849.1417,2856.7652,2857.0881,0.1144,0
365,0,2856.9148,2864.2006,2864.7565,0.3239,0
366,0,2864.5713,2872.0820,2872.4190,0.1191,0
367,0,2872.2379,2880.0705,2880.4171,0.1223,0
368,0,2880.2300,2887.8273,2888.1394,0.1143,0
369,0,2887.9766,2895.7353,2896.0422,0.1189,0
370,0,2895.8884,2903.1210,2903.4234,0.1148,0
371,0,2903.2700,2910.9964,2911.3457,0.1215,0
372,0,2911.1581,2918.9177,2919.2417,0.1147,0
373,0,2919.0680,2926.8323,2927.1633,0.1218,0
374,0,2926.9893,2934.5187,2934.8693,0.1216,0
375,0,2934.7346,2942.4578,2942.8526,0.1586,0
376,0,2942.6600,2950.6152,2950.9611,0.1201,0
377,0,2950.7835,2958.6222,2958.9616,0.1203,0
378,0,2958.7794,2966.3418,2966.6772,0.1208,0
379,0,2966.5003,2974.0379,2974.4534,0.2157,0
380,0,2974.2905,2981.8798,2982.1875,0.1085,0
381,0,2982.0306,2989.4505,2989.7625,0.1148,0
382,0,2989.6009,2997.2203,2997.5276,0.1145,0
383,0,2997.3697,3004.8529,3005.1702,0.1170,0
384,0,3005.0051,3012.7656,3013.1028,0.1136,0
385,0,3012.9150,3020.3389,3020.6537,0.1180,0
386,0,3020.4921,3028.0943,3028.4184,0.1194,0
387,0,3028.6853,3035.6696,3036.0636,0.1231,0
388,0,3035.9081,3043.7409,3044.0712,0.1193,0
389,0,3043.8944,3051.3964,3051.7396,0.1272,0
390,0,3051.5614,3059.3131,3059.6374,0.1152,0
391,0,3059.4630,3067.0367,3067.4256,0.1761,0
392,0,3067.2580,3075.4702,3075.8114,0.1203,0
393,0,3075.6287,3083.1437,3083.4970,0.1334,0
394,0,3083.3151,3090.8044,3091.3398,0.3077,0
395,0,3091.1526,3098.6886,3099.0549,0.1264,0
396,0,3098.8542,3106.3489,3106.6889,0.1238,0
397,0,3106.5099,3114.3404,3114.6910,0.1265,0
398,0,3114.5113,3122.0310,3122.3719,0.1275,0
399,0,3122.1948,3129.8351,3130.1754,0.1295,0
400,0,3130.0114,3137.4538,3137.7869,0.1207,0
401,0,3137.6093,3145.4567,3145.9382,0.1220,0
402,0,3145.6770,3153.0992,3153.5558,0.1163,0
403,0,3153.3028,3160.9296,3161.3565,0.1181,0
404,0,3161.1407,3168.5591,3168.9249,0.1704,0
405,0,3168.7681,3176.7494,3177.0698,0.1188,0
406,0,3176.9058,3184.2461,3184.5819,0.1184,0
407,0,3184.4015,3192.0841,3192.4243,0.1193,0
408,0,3192.2381,3199.7375,3200.0596,0.1193,0
409,0,3199.9173,3207.3435,3207.9379,0.3153,0
410,0,3207.7091,3215.4611,3215.7659,0.1125,0
411,0,3215.6103,3223.0434,3223.4317,0.1291,0
412,0,3223.2114,3230.9983,3231.3314,0.1187,0
413,0,3231.1524,3238.6240,3239.0024,0.1271,0
414,0,3238.7903,3246.7479,3247.0890,0.1195,0
415,0,3246.9075,3254.3962,3254.7124,0.1115,0
416,0,3254.5485,3262.2908,3262.5962,0.1207,0
417,0,3262.4449,3270.0042,3270.4177,0.1706,0
418,0,3270.2189,3278.2542,3278.5854,0.1185,0
419,0,3278.4101,3285.8798,3286.2247,0.1219,0
420,0,3286.0391,3293.7270,3294.0581,0.1201,0
421,0,3293.8820,3301.3034,3301.6480,0.1226,0
422,0,3301.4686,3309.2480,3309.5768,0.1157,0
423,0,3309.3988,3316.8119,3317.1581,0.1234,0
424,0,3316.9736,3324.6124,3324.9597,0.1159,0
425,0,3324.7704,3332.1216,3332.4933,0.1241,0
426,0,3332.2848,3339.7527,3340.0578,0.1150,0
427,0,3339.9016,3347.5014,3347.8149,0.1177,0
428,0,3347.6547,3355.0200,3355.3327,0.1156,0
429,0,3355.1725,3362.6644,3363.0378,0.1266,0
430,0,3362.8320,3370.3924,3370.7659,0.1325,0
431,0,3370.5640,3378.2062,3378.5871,0.1334,0
432,0,3378.3809,3385.8633,3386.1950,0.1170,0
433,0,3386.0126,3393.6472,3393.9570,0.1157,0
434,0,3393.7952,3401.2416,3401.5473,0.1149,0
435,0,3401.3904,3408.9671,3409.2820,0.1164,0
436,0,3409.1188,3416.4584,3416.7644,0.1162,0
437,0,3416.6131,3424.0399,3424.4970,0.2355,0
438,0,3424.3264,3431.7903,3432.1105,0.1146,0
439,0,3431.9462,3439.4029,3439.7137,0.1176,0
440,0,3439.5540,3447.1219,3447.4316,0.1122,0
441,0,3447.2691,3454.6427,3454.9599,0.1169,0
442,0,3454.8019,3462.5366,3462.9154,0.1253,0
443,0,3462.7012,3470.1848,3470.6588,0.1225,0
444,0,3470.3432,3478.3443,3478.6718,0.1118,0
445,0,3478.4979,3485.8491,3486.2746,0.1185,0
446,0,3486.0102,3493.6522,3494.0301,0.1762,0
447,0,3493.8644,3501.5344,3501.8481,0.1170,0
448,0,3501.6882,3509.3858,3509.7549,0.1239,0
449,0,3509.5483,3517.0566,3517.4868,0.1489,0
450,0,3517.2682,3524.9946,3525.3132,0.1140,0
451,0,3525.1518,3532.4992,3532.7906,0.1168,0
452,0,3533.1062,3540.0757,3540.4582,0.1104,0
453,0,3540.2640,3547.9709,3548.3433,0.1239,0
454,0,3548.1300,3555.6421,3556.0123,0.1279,0
455,0,3555.8299,3563.5094,3563.8292,0.1147,0
456,0,3563.6628,3571.1515,3571.4795,0.1180,0
457,0,3571.3026,3579.1521,3579.5584,0.1297,0
458,0,3579.3367,3586.8477,3587.1608,0.1199,0
459,0,3587.0029,3594.6620,3595.0709,0.1298,0
460,0,3594.8427,3602.4426,3602.7584,0.1114,0
461,0,3602.5907,3610.4803,3610.7949,0.1176,0
462,0,3610.6342,3618.0497,3618.4233,0.1272,0
463,0,3618.2167,3626.0372,3626.4113,0.1721,0
464,0,3626.2468,3634.0178,3634.3986,0.1257,0
465,0,3634.1886,3642.1263,3642.5139,0.1164,0
466,0,3642.3168,3649.8001,3650.2517,0.1237,0
467,0,3650.0089,3657.8654,3658.2911,0.1163,0
468,0,3658.0864,3665.7567,3666.1187,0.1609,0
469,0,3665.9573,3673.9446,3674.2971,0.1269,0
470,0,3674.1352,3681.7844,3682.1128,0.1183,0
471,0,3681.9447,3689.5428,3689.8558,0.1168,0
472,0,3689.6945,3697.5273,3697.8639,0.1262,0
473,0,3697.6890,3705.4777,3705.8148,0.1222,0
474,0,3705.6355,3713.4999,3713.8332,0.1185,0
475,0,3713.6549,3721.3290,3721.6606,0.1206,0
476,0,3721.4883,3729.2373,3729.6273,0.1689,0
477,0,3729.4496,3737.0487,3737.3747,0.1178,0
478,0,3737.2090,3744.9116,3745.2346,0.1141,0
479,0,3745.0736,3752.5907,3752.9088,0.1158,0
480,0,3752.7430,3760.4353,3760.7400,0.1154,0
481,0,3760.5854,3768.0986,3768.4577,0.1197,0
482,0,3768.2512,3776.0845,3776.4230,0.1200,0
483,0,3776.2408,3783.8238,3784.1874,0.1213,0
484,0,3783.9942,3791.7896,3792.1001,0.1116,0
485,0,3791.9386,3799.4623,3799.7632,0.1115,0
486,0,3799.6049,3807.7890,3808.1096,0.1110,0
487,0,3807.9392,3815.9540,3816.2675,0.1182,0
488,0,3816.1074,3824.3863,3824.7200,0.1161,0
489,0,3824.5397,3832.9075,3833.2768,0.1298,0
490,0,3833.0767,3841.9574,3842.2571,0.1127,0
491,0,3842.1033,3850.6447,3850.9824,0.1214,0
492,0,3850.8029,3859.6555,3860.0031,0.1199,0
493,0,3859.8152,3868.5854,3868.9560,0.1291,0
494,0,3868.7531,3877.7484,3878.0991,0.1188,0
495,0,3877.9041,3886.8510,3887.2047,0.1209,0
496,0,3887.0057,3896.0377,3896.3453,0.1106,0
497,0,3896.1836,3904.8643,3905.2309,0.1255,0
498,0,3905.0526,3914.0186,3914.4495,0.2100,0
499,0,3914.2663,3923.1443,3923.7061,0.2974,0
500,0,3923.4841,3932.3491,3932.7588,0.1718,0
501,0,3932.5583,3941.4635,3941.8688,0.1860,0
502,0,3941.6854,3950.4581,3950.8586,0.1717,0
503,0,3950.6724,3959.7647,3960.2088,0.2338,0
504,0,3960.0343,3968.7897,3969.2858,0.2870,0
505,0,3969.1150,3978.0493,3978.4789,0.1743,0
506,0,3978.2614,3986.9641,3987.4619,0.1960,0
507,0,3987.1961,3996.3667,3996.7521,0.1675,0
508,0,3996.5712,4005.3148,4005.7283,0.1931,0
509,0,4005.5466,4014.4818,4014.8996,0.1671,0
510,0,4014.6978,4023.3652,4023.7678,0.1948,0
511,0,4023.5995,4032.5578,4032.9104,0.1732,0
512,0,4033.2963,4041.7421,4042.1604,0.1832,0
513,0,4042.0070,4050.7950,4051.1765,0.1853,0
514,0,4051.0130,4060.0546,4060.5332,0.2815,0
515,0,4060.3706,4069.3573,4069.7992,0.2569,0
516,0,4069.6497,4078.6591,4079.0285,0.1803,0
517,0,4078.8717,4087.5431,4088.0428,0.1966,0
518,0,4087.7852,4096.8373,4097.1529,0.1155,0
519,0,4096.9878,4105.7016,4106.1149,0.1952,0
520,0,4105.9353,4115.0002,4115.3937,0.1669,0
521,0,4115.2113,4124.0165,4124.6606,0.3880,0
522,0,4124.4517,4133.3588,4133.7458,0.1717,0
523,0,4133.5654,4142.7244,4143.1248,0.1842,0
524,0,4142.9451,4151.7500,4152.1520,0.1963,0
525,0,4151.9818,4161.0178,4161.4554,0.1734,0
526,0,4161.2764,4169.9669,4170.5063,0.1946,0
527,0,4170.2426,4179.3793,4179.9691,0.1684,0
528,0,4179.6437,4188.4231,4188.8090,0.1675,0
529,0,4188.6402,4197.8983,4198.2881,0.1732,0
530,0,4198.1458,4206.8440,4207.3035,0.1938,0
531,0,4207.0738,4216.1277,4216.5048,0.1753,0
532,0,4216.3377,4225.3387,4225.7173,0.1844,0
533,0,4225.5614,4234.3986,4234.7788,0.1707,0
534,0,4234.6100,4243.7633,4244.1581,0.1738,0
535,0,4243.9786,4253.0671,4253.4793,0.2148,0
536,0,4253.3171,4262.4629,4262.8838,0.1787,0
537,0,4262.6783,4271.7392,4272.1327,0.1697,0
538,0,4271.9464,4281.4098,4281.7527,0.1203,0
539,0,4281.5659,4291.0338,4291.4345,0.1678,0
540,0,4291.2438,4300.7314,4301.0818,0.1193,0
541,0,4300.8913,4310.4385,4310.7736,0.1208,0
542,0,4310.5941,4319.9957,4320.3312,0.1194,0
543,0,4320.1544,4329.9485,4330.3052,0.1279,0
544,0,4330.1155,4339.5881,4339.9230,0.1214,0
545,0,4339.7442,4349.4279,4349.7416,0.1184,0
546,0,4349.5825,4359.1376,4359.4438,0.1116,0
547,0,4359.2836,4368.5974,4368.9396,0.1208,0
548,0,4368.7534,4378.6056,4378.9720,0.1241,0
549,0,4378.7661,4388.2806,4388.7060,0.1702,0
550,0,4388.4935,4398.3038,4398.6689,0.1244,0
551,0,4398.4654,4408.3321,4408.6533,0.1145,0
552,0,4408.4879,4417.8572,4418.2425,0.1358,0
553,0,4418.0397,4427.6616,4427.9999,0.1200,0
554,0,4427.8158,4437.3439,4437.7123,0.1244,0
555,0,4437.5079,4447.0744,4447.4091,0.1213,0
556,0,4447.2315,4456.8881,4457.2553,0.1209,0
557,0,4457.0678,4466.7321,4467.0731,0.1218,0
558,0,4466.8918,4476.5341,4476.8679,0.1206,0
559,0,4476.6892,4486.1122,4486.4225,0.1179,0
560,0,4486.2645,4495.9858,4496.3214,0.1192,0
561,0,4496.1447,4505.5116,4505.8527,0.1213,0
562,0,4505.6734,4515.2841,4515.6328,0.1136,0
563,0,4515.4370,4525.0683,4525.3813,0.1154,0
564,0,4525.2222,4534.7215,4535.0289,0.1168,0
565,0,4535.3236,4544.4131,4544.7950,0.1171,0
566,0,4544.6532,4553.8783,4554.2084,0.1125,0
567,0,4554.0413,4563.5224,4563.8576,0.1212,0
568,0,4563.6793,4573.1329,4573.4639,0.1191,0
569,0,4573.2866,4582.8402,4583.1950,0.1212,0
570,0,4582.9993,4592.5424,4592.8803,0.1155,0
571,0,4592.6931,4602.0492,4602.3807,0.1213,0
572,0,4602.2049,4611.8652,4612.2048,0.1186,0
573,0,4612.0199,4621.3673,4621.7628,0.1695,0
574,0,4621.5784,4631.2907,4631.6252,0.1186,0
575,0,4631.4476,4640.7624,4641.1969,0.2083,0
576,0,4641.0087,4650.4500,4650.7864,0.1191,0
577,0,4650.6050,4660.1428,4660.5819,0.1255,0
578,0,4660.3473,4669.6072,4670.0390,0.1140,0
579,0,4669.8035,4679.2369,4679.6105,0.1172,0
580,0,4679.4379,4688.8298,4689.2059,0.1724,0
581,0,4689.0373,4698.6492,4699.0201,0.1270,0
582,0,4698.8132,4708.3044,4708.6340,0.1163,0
583,0,4708.4567,4717.9886,4718.3729,0.1638,0
584,0,4718.1899,4727.8223,4728.1535,0.1181,0
585,0,4727.9764,4737.3680,4737.7410,0.1296,0
586,0,4737.5347,4747.0630,4747.3959,0.1194,0
587,0,4747.2179,4756.6782,4756.9903,0.1196,0
588,0,4756.8324,4766.6389,4766.9505,0.1201,0
589,0,4766.7934,4776.4335,4776.7445,0.1143,0
590,0,4776.5900,4785.9100,4786.2301,0.1161,0
591,0,4786.0608,4795.6960,4796.1239,0.1191,0
592,0,4795.8505,4805.6220,4805.9301,0.1157,0
593,0,4805.7722,4815.3327,4815.7081,0.1243,0
594,0,4815.4958,4825.0521,4825.3821,0.1191,0
595,0,4825.2086,4834.6883,4835.1204,0.1315,0
596,0,4834.8774,4844.8455,4845.1662,0.1145,0
597,0,4845.0008,4854.3361,4854.6954,0.1674,0
598,0,4854.5431,4864.2974,4864.6307,0.1144,0
599,0,4864.4573,4873.7543,4874.2077,0.1299,0
600,0,4873.9255,4883.5004,4883.8107,0.1104,0
601,0,4883.6474,4893.1100,4893.4286,0.1181,0
602,0,4893.2668,4902.5410,4902.8530,0.1133,0
603,0,4902.6892,4912.1807,4912.5649,0.1264,0
604,0,4912.3449,4921.9637,4922.3577,0.1441,0
605,0,4922.1446,4931.8104,4932.1479,0.1206,0
606,0,4931.9653,4941.6254,4941.9729,0.1178,0
607,0,4941.7878,4951.2427,4951.6522,0.1704,0
608,0,4951.4603,4961.2060,4961.5416,0.1228,0
609,0,4961.3656,4970.7725,4971.1139,0.1225,0
610,0,4970.9323,4980.5609,4980.8949,0.1183,0
611,0,4980.7151,4990.1338,4990.4889,0.1271,0
612,0,4990.3035,4999.8039,5000.1712,0.1246,0
613,0,4999.9707,5009.6377,5010.0140,0.1274,0
614,0,5009.8066,5019.2561,5019.5903,0.1163,0
615,0,5019.4081,5029.0023,5029.3282,0.1171,0
616,0,5029.1649,5038.5123,5038.8102,0.1195,0
617,0,5039.2734,5048.4567,5048.8960,0.1308,0
618,0,5048.7209,5058.4896,5058.7941,0.1080,0
619,0,5058.6358,5067.8831,5068.2391,0.1304,0
620,0,5068.0547,5077.8278,5078.1401,0.1131,0
621,0,5077.9787,5087.5687,5087.9617,0.1232,0
622,0,5087.7271,5097.3713,5097.7028,0.1180,0
623,0,5097.5238,5106.8835,5107.2223,0.1273,0
624,0,5107.0455,5116.2425,5116.5782,0.1187,0
625,0,5116.3999,5126.1432,5126.4879,0.1212,0
626,0,5126.2996,5135.6771,5135.9886,0.1113,0
627,0,5135.8265,5145.2823,5145.6300,0.1222,0
628,0,5145.4405,5154.8677,5155.3200,0.1203,0
629,0,5155.0892,5164.6049,5165.0852,0.1222,0
630,0,5164.8233,5174.5066,5174.8757,0.1122,0
631,0,5174.7073,5184.1274,5184.5818,0.2489,0
632,0,5184.4177,5194.1172,5194.4332,0.1157,0
633,0,5194.2775,5203.7411,5204.1203,0.1266,0
634,0,5203.9047,5213.5704,5213.9410,0.1276,0
635,0,5213.7397,5223.1988,5223.5661,0.1297,0
636,0,5223.3670,5232.9231,5233.3181,0.1257,0
637,0,5233.0888,5242.8179,5243.1264,0.1128,0
638,0,5242.9660,5252.2312,5252.5467,0.1123,0
639,0,5252.3825,5261.8215,5262.1487,0.1188,0
640,0,5261.9785,5271.3562,5271.7450,0.1691,0
641,0,5271.5622,5281.3304,5281.6718,0.1258,0
642,0,5281.4919,5290.9959,5291.3260,0.1162,0
643,0,5291.1513,5300.5072,5300.8459,0.1278,0
644,0,5300.6716,5310.2308,5310.5985,0.1632,0
645,0,5310.4305,5320.1003,5320.4474,0.1244,0
646,0,5320.2665,5329.7942,5330.1318,0.1201,0
647,0,5329.9519,5339.2374,5339.5938,0.1234,0
648,0,5339.4220,5348.9251,5349.2487,0.1145,0
649,0,5349.0747,5358.7149,5359.0558,0.1186,0
650,0,5358.8714,5368.1789,5368.5594,0.1254,0
651,0,5368.3459,5377.9055,5378.2605,0.1233,0
652,0,5378.0660,5387.4472,5387.7836,0.1190,0
653,0,5387.6030,5396.8567,5397.1944,0.1228,0
654,0,5397.0197,5406.5119,5406.9295,0.1755,0
655,0,5406.7329,5416.3848,5416.7308,0.1241,0
656,0,5416.5521,5426.1461,5426.4802,0.1209,0
657,0,5426.3021,5435.7590,5436.1072,0.1265,0
658,0,5435.9251,5445.4968,5445.8303,0.1190,0
659,0,5445.6511,5455.0668,5455.3961,0.1265,0
660,0,5455.2373,5464.6497,5465.0996,0.1468,0
661,0,5464.8435,5474.0812,5474.6035,0.3058,0
662,0,5474.4307,5483.7975,5484.1077,0.1147,0
663,0,5483.9463,5493.4921,5493.7910,0.1163,0
664,0,5493.6408,5502.7479,5503.0796,0.1192,0
665,0,5502.9027,5512.3765,5512.7282,0.1278,0
666,0,5512.5395,5522.0220,5522.3372,0.1113,0
667,0,5522.1708,5531.5361,5531.8482,0.1150,0
668,0,5531.6868,5541.0928,5541.3802,0.1128,0
669,0,5541.6901,5550.4290,5550.8207,0.1172,0
670,0,5550.6642,5560.3148,5560.6293,0.1137,0
671,0,5560.4623,5569.6500,5569.9564,0.1192,0
672,0,5569.8039,5579.2496,5579.5811,0.1175,0
673,0,5579.3999,5588.6803,5589.0109,0.1217,0
674,0,5588.8367,5598.3254,5598.8484,0.1305,0
675,0,5598.4942,5608.1581,5608.5695,0.1704,0
676,0,5608.3637,5617.6003,5617.9149,0.1126,0
677,0,5617.7519,5627.2790,5627.5923,0.1178,0
678,0,5627.4303,5636.9116,5637.3682,0.1486,0
679,0,5637.1527,5646.9577,5647.2832,0.1177,0
680,0,5647.1181,5656.3671,5656.8206,0.1163,0
681,0,5656.5727,5666.0342,5666.5177,0.1177,0
682,0,5666.2365,5675.9997,5676.3974,0.1172,0
683,0,5676.2010,5685.5764,5685.9539,0.1737,0
684,0,5685.7858,5695.5094,5695.8357,0.1209,0
685,0,5695.6692,5704.9669,5705.3081,0.1278,0
686,0,5705.1452,5714.8032,5715.1556,0.1111,0
687,0,5714.9780,5724.4157,5724.7548,0.1176,0
688,0,5724.5776,5733.9441,5734.3652,0.1718,0
689,0,5734.1687,5744.0986,5744.5155,0.1964,0
690,0,5744.3330,5753.8859,5754.3045,0.1838,0
691,0,5754.1132,5763.9558,5764.2985,0.1207,0
692,0,5764.1160,5773.3747,5773.8223,0.1955,0
693,0,5773.6110,5783.0144,5783.4250,0.1808,0
694,0,5783.2349,5792.9121,5793.3115,0.1891,0
695,0,5793.1352,5802.1658,5802.5562,0.1816,0
696,0,5802.3836,5811.8705,5812.2662,0.1676,0
697,0,5812.0835,5821.2914,5821.6708,0.1914,0
698,0,5821.5195,5830.9899,5831.3635,0.1784,0
699,0,5831.2004,5840.2992,5840.6974,0.1983,0
700,0,5840.5332,5849.6392,5850.0647,0.1709,0
701,0,5849.8555,5859.1886,5859.5823,0.1884,0
702,0,5859.4136,5868.6777,5869.2041,0.2761,0
703,0,5869.0121,5878.6893,5879.0900,0.1908,0
704,0,5878.9243,5887.8094,5888.2320,0.2043,0
705,0,5888.0506,5897.3674,5897.7048,0.1211,0
706,0,5897.5262,5906.7474,5907.1770,0.2051,0
707,0,5906.9915,5916.1200,5916.4993,0.1803,0
708,0,5916.3374,5925.5748,5925.9663,0.1941,0
709,0,5925.8044,5934.8389,5935.2200,0.1601,0
710,0,5935.0544,5944.4863,5944.8885,0.1683,0
711,0,5944.6980,5953.8197,5954.2324,0.2100,0
712,0,5954.0645,5963.3877,5963.8532,0.2681,0
713,0,5963.6921,5972.9690,5973.3817,0.1897,0
714,0,5973.1966,5982.6361,5983.0593,0.1710,0
715,0,5982.8544,5992.2634,5992.6694,0.1929,0
716,0,5992.4920,6001.6171,6001.9997,0.1717,0
717,0,6001.8261,6011.1512,6011.5423,0.1756,0
718,0,6011.3609,6020.4840,6020.8809,0.2039,0
719,0,6020.7208,6030.2851,6030.7173,0.1720,0
720,0,6030.5096,6039.6503,6040.0577,0.1961,0
721,0,6039.8893,6049.1249,6049.5423,0.1762,0
722,0,6049.7875,6058.6870,6059.2256,0.1886,0
723,0,6058.9588,6068.1673,6068.6344,0.1702,0
724,0,6068.3803,6077.7710,6078.1401,0.1813,0
725,0,6077.9841,6087.0542,6087.4630,0.2008,0
726,0,6087.2917,6096.5322,6097.0023,0.2694,0
727,0,6096.8387,6106.2305,6106.6327,0.1867,0
728,0,6106.4560,6115.7602,6116.1792,0.1856,0
729,0,6115.9863,6125.1644,6125.5613,0.1778,0
730,0,6125.3795,6134.4737,6135.0034,0.2811,0
731,0,6134.7963,6143.8375,6144.2403,0.1708,0
732,0,6144.0486,6153.1704,6153.5609,0.1995,0
733,0,6153.4063,6162.4339,6162.8136,0.1720,0
734,0,6162.6456,6171.6754,6172.0662,0.2028,0
735,0,6171.9141,6181.0250,6181.5948,0.1795,0
736,0,6181.2807,6190.4474,6191.0586,0.1964,0
737,0,6190.7253,6200.0563,6200.4718,0.1180,0
738,0,6200.2578,6209.4546,6209.9209,0.2401,0
739,0,6209.8140,6219.0011,6219.3884,0.1864,0
740,0,6219.2233,6228.4706,6228.7755,0.1154,0
741,0,6228.6225,6237.6145,6238.0445,0.1894,0
742,0,6237.8412,6247.0731,6247.4224,0.1253,0
743,0,6247.2371,6256.2522,6256.6229,0.1843,0
744,0,6256.4741,6265.7989,6266.1460,0.1218,0
745,0,6265.9629,6275.2755,6275.7728,0.2901,0
746,0,6275.6034,6284.8128,6285.2004,0.1804,0
747,0,6285.0304,6294.2802,6294.6877,0.1663,0
748,0,6294.4892,6303.9024,6304.3170,0.1838,0
749,0,6304.1264,6313.4959,6313.8865,0.1757,0
750,0,6313.7082,6322.7490,6323.1644,0.1980,0
751,0,6322.9844,6332.2990,6332.6917,0.1761,0
752,0,6332.5120,6341.7720,6342.1658,0.1780,0
753,0,6341.9882,6351.2295,6351.7216,0.2727,0
754,0,6351.5415,6360.7795,6361.1196,0.1203,0
755,0,6360.9353,6369.9921,6370.3780,0.1813,0
756,0,6370.2099,6379.5057,6379.8977,0.1639,0
757,0,6379.7149,6388.8711,6389.2709,0.1995,0
758,0,6389.1029,6398.3599,6398.7851,0.1816,0
759,0,6398.5800,6407.8360,6408.2263,0.1757,0
760,0,6408.0513,6417.1421,6417.5430,0.1838,0
761,0,6417.3620,6426.6619,6427.3570,0.2793,0
762,0,6426.9842,6436.5576,6436.9434,0.1944,0
763,0,6436.7861,6445.9755,6446.3806,0.1813,0
764,0,6446.1966,6455.1719,6455.5861,0.1933,0
765,0,6455.4104,6464.7270,6465.1473,0.1745,0
766,0,6464.9433,6473.9012,6474.3845,0.1837,0
767,0,6474.1379,6483.2935,6483.6587,0.1733,0
768,0,6483.5018,6492.6239,6493.0005,0.1802,0
769,0,6492.8397,6501.8979,6502.3675,0.2828,0
770,0,6502.2166,6511.3980,6511.7936,0.1742,0
771,0,6511.6074,6520.5623,6520.9326,0.1890,0
772,0,6520.7859,6530.1434,6530.5396,0.1785,0
773,0,6530.3616,6539.3290,6539.7628,0.1796,0
774,0,6539.5524,6548.9449,6549.3610,0.1740,0
775,0,6549.1540,6558.3506,6558.7343,0.1785,0
776,0,6559.0015,6567.4756,6567.9963,0.1253,0
777,0,6567.7314,6577.1747,6577.6805,0.2870,0
778,0,6577.4968,6586.7472,6587.1447,0.2016,0
779,0,6586.9859,6596.2619,6596.5671,0.1178,0
780,0,6596.4142,6605.4061,6605.7830,0.1810,0
781,0,6605.6250,6615.0079,6615.4388,0.1745,0
782,0,6615.2293,6624.5959,6624.9124,0.1113,0
783,0,6624.7454,6633.7154,6634.0249,0.1167,0
784,0,6633.8634,6643.0337,6643.3322,0.1137,0
785,0,6643.1803,6652.2408,6652.6087,0.1737,0
786,0,6652.4472,6662.0747,6662.3963,0.1225,0
787,0,6662.2354,6671.1437,6671.5042,0.1195,0
788,0,6671.3008,6680.6532,6681.1086,0.1193,0
789,0,6680.8544,6690.0019,6690.4826,0.1268,0
790,0,6690.2069,6699.6478,6700.0447,0.1165,0
791,0,6699.8521,6709.1893,6709.5561,0.1664,0
792,0,6709.3900,6718.6535,6719.0237,0.1244,0
793,0,6718.8178,6728.1695,6728.5092,0.1224,0
794,0,6728.3260,6737.6253,6737.9957,0.1269,0
795,0,6737.7890,6747.1354,6747.4629,0.1179,0
796,0,6747.2889,6756.3781,6756.7518,0.1625,0
797,0,6756.5856,6766.1949,6766.5179,0.1219,0
798,0,6766.3506,6775.6424,6775.9584,0.1124,0
799,0,6775.7937,6784.8528,6785.2380,0.1214,0
800,0,6785.0274,6794.2565,6794.5918,0.1216,0
801,0,6794.4139,6803.4881,6803.8117,0.1146,0
802,0,6803.6431,6812.9487,6813.2822,0.1136,0
803,0,6813.1046,6822.1684,6822.4816,0.1158,0
804,0,6822.3199,6831.5578,6831.8619,0.1098,0
805,0,6831.7004,6840.7299,6841.2290,0.3027,0
806,0,6841.0667,6850.2369,6850.6139,0.1749,0
807,0,6850.4483,6859.9210,6860.2684,0.1216,0
808,0,6860.0771,6869.1491,6869.4907,0.1253,0
809,0,6869.3093,6878.6067,6879.0194,0.1321,0
810,0,6878.7821,6888.0909,6888.3997,0.1109,0
811,0,6888.2416,6897.3987,6897.7841,0.1284,0
812,0,6897.5655,6906.7345,6907.0397,0.1155,0
813,0,6906.8830,6916.1467,6916.4529,0.1174,0
814,0,6916.2987,6925.7418,6926.0555,0.1124,0
815,0,6925.8902,6934.9092,6935.2576,0.1175,0
816,0,6935.0668,6944.3149,6944.6423,0.1133,0
817,0,6944.4655,6953.4981,6953.8828,0.1304,0
818,0,6953.6745,6963.0619,6963.3969,0.1187,0
819,0,6963.2151,6972.3168,6972.6556,0.1223,0
820,0,6972.4773,6981.7668,6982.1590,0.1756,0
821,0,6981.9767,6991.3876,6991.6952,0.1137,0
822,0,6991.5350,7000.8152,7001.1532,0.1241,0
823,0,7000.9733,7010.3197,7010.6467,0.1212,0
824,0,7010.4782,7019.5302,7019.8744,0.1150,0
825,0,7019.6792,7028.9242,7029.2418,0.1148,0
826,0,7029.0742,7038.3537,7038.6619,0.1116,0
827,0,7038.5003,7047.6655,7047.9711,0.1168,0
828,0,7047.8168,7056.8968,7057.2366,0.1199,0
829,0,7057.0542,7066.1222,7066.4518,0.1240,0
830,0,7066.7357,7075.6196,7076.1464,0.1694,0
831,0,7075.9754,7085.4635,7085.7762,0.1167,0
832,0,7085.6125,7094.9339,7095.3203,0.1249,0
833,0,7095.1075,7104.2460,7104.5588,0.1169,0
834,0,7104.3948,7113.6956,7114.0174,0.1165,0
835,0,7113.8466,7123.0246,7123.3635,0.1243,0
836,0,7123.1865,7132.5251,7132.8950,0.1253,0
837,0,7132.6921,7142.1155,7142.4522,0.1267,0
838,0,7142.2765,7151.4430,7151.7910,0.1210,0
839,0,7151.6073,7161.1783,7161.5188,0.1239,0
840,0,7161.3430,7170.5682,7170.9116,0.1196,0
841,0,7170.7269,7180.1529,7180.4947,0.1213,0
842,0,7180.3109,7189.5271,7189.8925,0.1252,0
843,0,7189.6913,7199.1697,7199.6539,0.1181,0
844,0,7199.3794,7208.9589,7209.5628,0.1637,0
845,0,7209.2060,7218.8294,7219.2089,0.1216,0
846,0,7219.0381,7228.5106,7228.8777,0.1630,0
847,0,7228.7117,7238.0827,7238.4307,0.1277,0
848,0,7238.2495,7247.8438,7248.1791,0.1196,0
849,0,7247.9999,7257.2622,7257.6424,0.1161,0
850,0,7257.4199,7266.7555,7267.0926,0.1200,0
851,0,7266.9118,7276.3570,7276.7507,0.1627,0
852,0,7276.5606,7285.8720,7286.2029,0.1188,0
853,0,7286.0294,7295.4817,7295.8266,0.1277,0
854,0,7295.6481,7304.8641,7305.2441,0.1197,0
855,0,7305.0285,7314.5131,7314.8293,0.1150,0
856,0,7314.6679,7323.9441,7324.3244,0.1108,0
857,0,7324.1088,7333.3568,7333.6728,0.1149,0
858,0,7333.5105,7342.8316,7343.1546,0.1077,0
859,0,7342.9779,7352.0525,7352.3725,0.1167,0
860,0,7352.2056,7361.5540,7361.8586,0.1157,0
861,0,7361.7028,7370.8854,7371.2024,0.1169,0
862,0,7371.0347,7380.4141,7380.7420,0.1190,0
863,0,7380.5664,7389.7429,7390.1231,0.1280,0
864,0,7389.9120,7399.3567,7399.6914,0.1175,0
865,0,7399.5102,7409.0087,7409.3488,0.1211,0
866,0,7409.1653,7418.2882,7418.6317,0.1198,0
867,0,7418.4479,7427.7969,7428.1347,0.1207,0
868,0,7427.9514,7437.0824,7437.4611,0.1701,0
869,0,7437.2877,7446.9321,7447.2455,0.1160,0
870,0,7447.0834,7456.1540,7456.4931,0.1196,0
871,0,7456.3100,7465.6204,7465.9460,0.1154,0
872,0,7465.7771,7474.9809,7475.3616,0.1299,0
873,0,7475.1579,7484.3771,7484.6841,0.1090,0
874,0,7484.5218,7493.9195,7494.2737,0.1197,0
875,0,7494.0832,7503.1344,7503.4715,0.1210,0
876,0,7503.2908,7512.6289,7512.9745,0.1197,0
877,0,7512.7857,7521.9351,7522.2682,0.1221,0
878,0,7522.0924,7531.5268,7531.8639,0.1196,0
879,0,7531.6839,7540.8031,7541.3251,0.2784,0
880,0,7541.1310,7550.5619,7550.8710,0.1178,0
881,0,7550.7120,7560.0808,7560.4117,0.1236,0
882,0,7560.2445,7569.3485,7569.6728,0.1198,0
883,0,7569.9444,7578.7666,7579.2271,0.1189,0
884,0,7578.9842,7588.4990,7588.8385,0.1198,0
885,0,7588.6566,7598.0106,7598.3672,0.1216,0
886,0,7598.1678,7607.3580,7607.6843,0.1122,0
887,0,7607.5138,7616.7303,7617.1156,0.1242,0
888,0,7616.9028,7626.3898,7626.7018,0.1124,0
889,0,7626.5369,7635.5458,7635.9375,0.1765,0
890,0,7635.7597,7645.2983,7645.6070,0.1134,0
891,0,7645.4456,7654.4629,7654.7789,0.1199,0
892,0,7654.6189,7664.0272,7664.3686,0.1165,0
893,0,7664.1980,7673.3615,7673.6722,0.1177,0
894,0,7673.5127,7682.8492,7683.1569,0.1143,0
895,0,7682.9974,7692.2776,7692.6070,0.1186,0
896,0,7692.4284,7701.5737,7702.0451,0.1196,0
897,0,7701.7787,7711.0806,7711.4612,0.1136,0
898,0,7711.2682,7720.4191,7720.8204,0.1129,0
899,0,7720.6165,7729.9296,7730.3001,0.1651,0
900,0,7730.1298,7739.4558,7739.7620,0.1079,0
901,0,7739.6003,7748.9626,7749.3008,0.1173,0
902,0,7749.1133,7758.3975,7758.6971,0.1115,0
903,0,7758.5411,7767.5806,7767.9608,0.1701,0
904,0,7767.7862,7777.2878,7777.6317,0.1186,0
905,0,7777.4399,7786.6715,7786.9786,0.1169,0
906,0,7786.8223,7796.0602,7796.3825,0.1209,0
907,0,7796.2138,7805.2941,7805.6088,0.1142,0
908,0,7805.4435,7814.6030,7814.9179,0.1125,0
909,0,7814.7521,7823.7314,7824.0795,0.1164,0
910,0,7823.9000,7833.1181,7833.4297,0.1206,0
911,0,7833.2710,7842.5557,7842.8641,0.1155,0
912,0,7842.7035,7851.7578,7852.0831,0.1154,0
913,0,7851.9053,7861.2429,7861.5944,0.1226,0
914,0,7861.4126,7870.7071,7871.0692,0.1680,0
915,0,7870.9057,7880.2929,7880.5961,0.1164,0
916,0,7880.4418,7889.5265,7889.8426,0.1154,0
917,0,7889.6747,7898.9580,7899.2878,0.1159,0
918,0,7899.1053,7908.5799,7908.9157,0.1160,0
919,0,7908.7327,7917.8855,7918.2320,0.1232,0
920,0,7918.0471,7927.3711,7927.7166,0.1191,0
921,0,7927.5460,7936.6652,7937.0108,0.1232,0
922,0,7936.8209,7946.3343,7946.6657,0.1184,0
923,0,7946.4850,7955.6258,7955.9822,0.1235,0
924,0,7955.7876,7965.1541,7965.4947,0.1206,0
925,0,7965.3088,7974.6134,7974.9473,0.1199,0
926,0,7974.7647,7984.0586,7984.4473,0.1263,0
927,0,7984.2305,7993.5991,7993.9833,0.1737,0
928,0,7993.8071,8003.0722,8003.4248,0.1363,0
929,0,8003.2416,8012.5646,8012.8981,0.1238,0
