frame,time_s,cpu_ms,gpu_ms,psnr_fg,ssim_fg,psnr_blend,ssim_blend
16,0.283339,21.765593,4.444800,37.109123,0.955877,27.532836,0.670844
17,0.300006,18.094578,4.482240,37.191461,0.956479,27.515581,0.669523
18,0.316673,17.455399,4.492800,37.282044,0.956772,27.484817,0.667740
19,0.333340,20.010241,4.488480,37.291896,0.956873,27.448103,0.665570
20,0.350007,16.747601,4.461760,37.360818,0.957342,27.409120,0.663715
21,0.366674,21.080308,4.473440,37.398674,0.957921,27.387222,0.662659
22,0.383341,19.068585,4.450240,37.418159,0.958303,27.353588,0.661515
23,0.400008,17.210380,4.461760,37.483775,0.958717,27.326768,0.659856
24,0.416675,18.376557,4.481120,37.580903,0.959743,27.285165,0.657300
25,0.433342,20.669548,4.491360,37.522057,0.959609,27.258557,0.655258
26,0.450009,20.132821,4.485760,37.565875,0.960016,27.233730,0.654586
27,0.466676,18.241955,4.452960,37.487040,0.959944,27.193654,0.655175
28,0.483343,17.956950,4.490720,37.548417,0.960630,27.174854,0.656258
29,0.500010,16.327734,4.499680,37.617467,0.961379,27.163811,0.656992
30,0.516677,18.733476,4.488640,37.664002,0.961701,27.182004,0.657778
31,0.533344,18.321454,4.467520,37.755763,0.962232,27.223123,0.658784
32,0.550011,16.883867,4.502080,37.721545,0.962532,27.254050,0.660424
33,0.566678,16.759644,4.459200,37.688630,0.962750,27.295847,0.662386
34,0.583345,16.960311,4.434080,37.765395,0.963401,27.343719,0.665589
35,0.600012,17.202445,4.504320,37.897582,0.964044,27.434689,0.671239
36,0.616679,17.666114,4.480160,37.984776,0.964708,27.528091,0.675750
37,0.633346,17.301210,4.484800,37.859558,0.964060,27.614065,0.679250
38,0.650013,17.224547,4.500800,37.840065,0.964518,27.688486,0.684879
39,0.666680,19.130841,4.506080,37.789135,0.964160,27.765302,0.691172
40,0.683347,17.414031,4.505920,37.938785,0.965000,27.845213,0.696207
41,0.700014,18.296386,4.463840,37.922471,0.965350,27.913072,0.702733
42,0.716681,17.075186,4.519840,37.954377,0.966036,27.993682,0.710717
43,0.733348,17.224897,4.486560,37.899204,0.965710,28.047214,0.717266
44,0.750015,17.032887,4.480160,37.846712,0.966019,28.032215,0.721455
45,0.766682,17.023188,4.528800,37.748638,0.965588,27.990812,0.725772
46,0.783349,17.475106,4.528640,37.777500,0.966475,27.973102,0.733383
47,0.800016,16.986069,4.530560,37.681082,0.966740,28.023584,0.743651
48,0.816683,18.250851,4.551200,37.635459,0.967365,28.118906,0.754464
49,0.833350,16.501010,4.525600,37.583472,0.966730,28.199603,0.764572
50,0.850017,17.069305,4.556320,37.559420,0.967926,28.306051,0.775713
51,0.866684,17.038828,4.525920,37.134467,0.967662,28.344202,0.789363
52,0.883351,16.752981,4.552640,36.876185,0.966987,28.355819,0.805598
53,0.900018,17.529779,4.560000,34.521464,0.963444,27.384678,0.818134
54,0.916685,17.031173,4.522240,32.436343,0.946380,24.132197,0.808921
55,0.933352,15.554243,4.507840,31.650233,0.941229,23.450297,0.809471
56,0.950019,15.291130,4.372480,29.835929,0.928450,22.584597,0.797765
57,0.966686,15.059575,4.330400,27.567908,0.931406,22.080666,0.795031
58,0.983353,15.056109,4.297280,30.194653,0.947320,21.389878,0.789864
59,1.000020,14.921617,4.242400,29.243225,0.952832,21.609870,0.801265
60,1.016687,14.916117,4.210080,32.216502,0.962890,22.224014,0.818649
61,1.033354,15.549484,4.263680,29.907006,0.952916,22.721744,0.829895
62,1.050021,15.037484,4.252960,29.621613,0.946059,24.007285,0.823009
63,1.066688,16.018364,4.235040,32.431165,0.927424,24.362109,0.803549
64,1.083355,15.190471,4.268640,29.933493,0.902988,23.966055,0.776231
65,1.100022,15.357485,4.307040,29.410337,0.912484,24.431522,0.745994
66,1.116689,17.047555,4.326080,31.515537,0.928482,24.109020,0.704056
67,1.133356,16.636103,4.346880,31.823044,0.932816,23.813127,0.666528
68,1.150023,16.080540,4.346880,32.519046,0.933331,23.882756,0.637046
69,1.166690,15.222962,4.355840,31.211298,0.931540,24.057482,0.613731
70,1.183357,16.093655,4.316640,33.773325,0.936740,24.589603,0.606489
71,1.200024,17.406829,4.449920,34.016829,0.937204,24.576128,0.604611
72,1.216691,16.642264,4.366080,34.107320,0.937431,24.554569,0.603851
73,1.233358,15.705237,4.371040,34.073274,0.936317,24.535508,0.602183
74,1.250025,16.054001,4.342880,34.103465,0.935776,24.515250,0.602378
75,1.266692,15.728691,4.366080,34.073180,0.935379,24.466031,0.602527
76,1.283359,15.497827,4.358560,34.042488,0.935122,24.398410,0.600488
77,1.300026,15.450830,4.375680,34.060469,0.934959,24.339652,0.599284
78,1.316693,16.062727,4.342880,34.038520,0.934587,24.323515,0.598577
79,1.333360,15.459416,4.364000,33.949808,0.933631,24.372360,0.599684
80,1.350027,14.983243,4.385600,34.067105,0.933963,24.470859,0.603376
81,1.366694,16.214041,4.371200,34.049671,0.933348,24.592306,0.606583
82,1.383361,15.371050,4.388320,34.140468,0.933857,24.689857,0.609941
83,1.400028,15.404262,4.368160,34.188531,0.934057,24.795881,0.612194
84,1.416695,15.902527,4.369600,34.201997,0.933606,24.874657,0.613573
85,1.433362,15.394874,4.379840,34.227599,0.933554,24.952562,0.615819
86,1.450029,15.450739,4.381440,34.273379,0.933280,25.047971,0.618673
87,1.466696,15.899431,4.395840,34.282897,0.933049,25.129677,0.621761
88,1.483363,15.418408,4.388480,34.279662,0.932365,25.227090,0.624306
89,1.500030,14.914444,4.400000,34.286430,0.931805,25.330244,0.627401
90,1.516697,16.543068,4.391200,34.394324,0.932424,25.444208,0.630660
91,1.533364,16.941796,4.404800,34.446571,0.932926,25.547225,0.633066
92,1.550031,15.598106,4.396320,34.452473,0.932920,25.644273,0.635143
93,1.566698,15.466239,4.374880,34.459346,0.932784,25.727978,0.636925
94,1.583365,16.359835,4.336640,34.493310,0.932543,25.826185,0.639651
95,1.600032,15.394163,4.375520,34.528949,0.932347,25.908414,0.641935
96,1.616699,15.445529,4.355360,34.551208,0.932134,25.986728,0.643720
97,1.633366,15.437314,4.368480,34.430117,0.930513,26.043781,0.644467
98,1.650033,15.451140,4.395360,34.461104,0.930526,26.134558,0.645929
99,1.666700,15.461509,4.365600,34.554516,0.930615,26.271161,0.648918
100,1.683367,15.916743,4.325760,34.652884,0.931559,26.387249,0.651612
101,1.700034,15.389144,4.385120,34.671528,0.931462,26.477148,0.653831
102,1.716701,15.415553,4.386240,34.700415,0.931888,26.561141,0.656034
103,1.733368,16.351569,4.345440,34.725602,0.932407,26.637032,0.657195
104,1.750035,15.415573,4.394400,34.685261,0.931568,26.716067,0.659066
105,1.766702,15.552851,4.368000,34.687381,0.931341,26.787406,0.659854
106,1.783369,15.493069,4.365760,34.691158,0.930868,26.862996,0.661484
107,1.800036,15.528425,4.391680,34.628977,0.930548,26.930208,0.662893
108,1.816703,15.517645,4.364640,34.702576,0.931132,27.004975,0.664267
109,1.833370,15.912325,4.357920,34.751224,0.931935,27.061839,0.664754
110,1.850037,15.473983,4.394720,34.713199,0.931690,27.114972,0.665457
111,1.866704,15.328851,4.381120,34.684515,0.931678,27.152238,0.665659
112,1.883371,15.508708,4.353440,34.606927,0.931307,27.175872,0.665893
113,1.900038,15.501856,4.417440,34.583464,0.930712,27.199234,0.665508
114,1.916705,15.582025,4.377120,34.661632,0.931350,27.249998,0.665687
115,1.933372,15.559303,4.356800,34.555041,0.930036,27.290892,0.665036
116,1.950039,15.541199,4.400000,34.565305,0.930559,27.338418,0.665057
117,1.966706,15.611872,4.380480,34.562927,0.930720,27.382826,0.665175
118,1.983373,15.555055,4.349120,34.675273,0.931719,27.432134,0.665656
119,2.000040,15.525900,4.411200,34.698587,0.932290,27.466317,0.666018
