frame,time_s,cpu_ms,gpu_ms,psnr_reproj,ssim_reproj,psnr_direct,ssim_direct,coverage
16,0.283339,1.511600,0.053200,30.212043,0.964328,25.504740,0.887749,0.997849
17,0.300006,1.697100,0.053920,30.121012,0.964325,25.526519,0.888063,0.997847
18,0.316673,1.421100,0.053200,30.140600,0.964955,25.524284,0.888309,0.997845
19,0.333340,1.453800,0.054160,30.131883,0.965174,25.525225,0.888662,0.997843
20,0.350007,1.575200,0.054400,30.288892,0.965245,25.552099,0.889321,0.997842
21,0.366674,1.385300,0.091960,30.339771,0.965591,25.630062,0.889782,0.997843
22,0.383341,1.423500,0.053840,30.421635,0.966132,25.730330,0.891462,0.997844
23,0.400008,1.683100,0.052640,30.674192,0.967028,26.040817,0.893364,0.997846
24,0.416675,1.233000,0.052800,30.961086,0.967716,26.115289,0.893511,0.997853
25,0.433342,1.344800,0.054600,30.946354,0.967879,25.924161,0.892679,0.997858
26,0.450009,1.881800,0.053600,30.974767,0.968279,25.941430,0.893594,0.997857
27,0.466676,1.482300,0.053480,31.016514,0.967624,26.057987,0.893498,0.997860
28,0.483343,1.281800,0.053040,30.987876,0.968391,26.089681,0.894333,0.997862
29,0.500010,1.423000,0.054280,30.912367,0.968260,26.083344,0.894100,0.997880
30,0.516677,1.711600,0.052480,31.337690,0.969353,26.211736,0.895243,0.997893
31,0.533344,1.430600,0.054200,31.371653,0.968865,26.185143,0.894313,0.997890
32,0.550011,1.826200,0.052840,30.981759,0.968218,26.053223,0.893632,0.997891
33,0.566678,1.183900,0.053440,30.582886,0.967240,25.967306,0.893636,0.997894
34,0.583345,1.383800,0.053760,30.545992,0.966301,25.902605,0.891666,0.997899
35,0.600012,1.492300,0.053240,30.552309,0.966559,25.928722,0.892602,0.997898
36,0.616679,1.585000,0.055360,30.745649,0.966904,25.975367,0.892789,0.997895
37,0.633346,1.282000,0.053200,30.943925,0.967683,25.957132,0.892178,0.997891
38,0.650013,1.274800,0.058760,30.980942,0.966978,25.968470,0.891678,0.997891
39,0.666680,1.501300,0.057000,30.995633,0.966947,25.950329,0.891541,0.997890
40,0.683347,1.309000,0.053520,30.994089,0.966981,25.922686,0.891534,0.997887
41,0.700014,1.284400,0.055680,31.008131,0.967011,25.919128,0.890859,0.997883
42,0.716681,1.336500,0.053320,30.714694,0.965969,25.799751,0.889583,0.997870
43,0.733348,1.288600,0.052320,30.431889,0.966130,25.713474,0.889118,0.997861
44,0.750015,1.574500,0.052400,30.421187,0.965961,25.726499,0.888661,0.997858
45,0.766682,1.407300,0.053920,30.552297,0.966496,25.668168,0.887956,0.997857
46,0.783349,1.350200,0.052440,30.483584,0.965718,25.624306,0.887149,0.997856
47,0.800016,1.089700,0.053520,30.386594,0.965299,25.567470,0.886381,0.997853
48,0.816683,1.654700,0.056360,30.423214,0.965717,25.538005,0.886288,0.997855
49,0.833350,1.563700,0.054560,30.488508,0.966044,25.521306,0.886055,0.997852
50,0.850017,1.753400,0.053120,30.481530,0.966052,25.509587,0.886137,0.997847
51,0.866684,1.299100,0.053080,30.437677,0.966030,25.480545,0.886217,0.997843
52,0.883351,1.620000,0.235720,30.582595,0.966595,25.576913,0.887563,0.997845
53,0.900018,1.402300,0.053360,30.480573,0.965820,25.642536,0.887133,0.997841
54,0.916685,1.396300,0.053000,30.385285,0.965772,25.604729,0.887507,0.997841
55,0.933352,1.200100,0.053200,30.348385,0.965215,25.556999,0.886992,0.997839
56,0.950019,1.908000,0.053440,30.530447,0.966244,25.535452,0.887048,0.997833
57,0.966686,1.170200,0.053400,30.522578,0.966101,25.450284,0.886696,0.997833
58,0.983353,1.370000,0.053400,30.483233,0.965772,25.471185,0.887081,0.997828
59,1.000020,1.405900,0.053920,30.531712,0.965845,25.476051,0.886729,0.997827
60,1.016687,1.496400,0.054320,30.520346,0.965539,25.506422,0.887436,0.997826
61,1.033354,1.093400,0.054000,30.548034,0.965497,25.514727,0.887480,0.997823
62,1.050021,1.843100,0.054720,30.642946,0.965578,25.543459,0.887191,0.997819
63,1.066688,1.229600,0.053400,30.844888,0.966088,25.576092,0.887315,0.997815
64,1.083355,1.577500,0.055520,30.787528,0.965933,25.587720,0.887494,0.997808
65,1.100022,1.538800,0.054520,30.758705,0.965842,25.649845,0.888104,0.997809
66,1.116689,1.580700,0.055760,30.385786,0.965519,25.546228,0.887248,0.997807
67,1.133356,1.421200,0.054840,30.039139,0.964651,25.535624,0.887733,0.997806
68,1.150023,1.354100,0.059360,30.004847,0.963745,25.546471,0.886169,0.997802
69,1.166690,1.648700,0.053480,30.063052,0.964178,25.602212,0.888037,0.997798
70,1.183357,1.551700,0.053280,30.054845,0.964262,25.783586,0.888459,0.997794
71,1.200024,1.452000,0.053480,30.116152,0.964770,25.901534,0.889639,0.997792
72,1.216691,1.404200,0.054160,30.252185,0.965864,25.999550,0.891147,0.997792
73,1.233358,1.290600,0.055160,30.474775,0.966874,25.908054,0.891539,0.997791
74,1.250025,1.438100,0.054280,30.371275,0.966658,25.882602,0.891568,0.997786
75,1.266692,1.555500,0.054080,30.398282,0.966716,25.862865,0.891263,0.997784
76,1.283359,1.311700,0.053760,30.372402,0.966793,25.847100,0.891457,0.997780
77,1.300026,1.576100,0.053720,30.903699,0.967937,26.027594,0.892943,0.997779
78,1.316693,1.424900,0.096400,31.027181,0.968233,25.954534,0.891799,0.997776
79,1.333360,1.913500,0.054560,31.058315,0.968170,25.977817,0.892245,0.997776
80,1.350027,1.638300,0.053240,30.375931,0.967461,25.748593,0.891421,0.997772
81,1.366694,1.276800,0.052880,30.301221,0.966712,25.774916,0.890900,0.997771
82,1.383361,1.359500,0.054280,30.267973,0.965931,25.787581,0.890612,0.997766
83,1.400028,1.529300,0.055840,30.341302,0.966496,25.848830,0.891169,0.997764
84,1.416695,1.565100,0.057760,30.325260,0.966471,25.849211,0.891434,0.997764
85,1.433362,1.369200,0.052640,30.318680,0.966562,25.870618,0.891658,0.997759
86,1.450029,1.420400,0.053440,30.283942,0.966374,25.861829,0.891469,0.997755
87,1.466696,1.676800,0.052680,30.317262,0.966701,25.879620,0.892813,0.997751
88,1.483363,1.380300,0.053120,30.334659,0.966712,25.904676,0.893446,0.997751
89,1.500030,1.337800,0.052600,30.362158,0.966815,26.040421,0.894329,0.997750
90,1.516697,1.376900,0.150240,30.404735,0.967507,26.099094,0.894838,0.997748
91,1.533364,1.938100,0.053200,30.437698,0.967408,26.119640,0.895195,0.997746
92,1.550031,1.670700,0.053760,30.463345,0.967672,26.095908,0.895083,0.997743
93,1.566698,1.737700,0.054640,30.485571,0.967737,26.127027,0.895583,0.997738
94,1.583365,1.790400,0.053840,30.552474,0.967989,26.100560,0.894829,0.997737
95,1.600032,1.570500,0.052680,30.507367,0.968183,26.121653,0.895733,0.997737
96,1.616699,1.757000,0.053880,30.496565,0.968259,26.082563,0.895482,0.997734
97,1.633366,1.593900,0.054440,30.530080,0.968122,26.146238,0.896047,0.997730
98,1.650033,1.690400,0.052960,30.800891,0.969873,26.123198,0.895619,0.997726
99,1.666700,1.867300,0.058720,30.805111,0.970157,26.122654,0.896227,0.997725
100,1.683367,1.502500,0.054520,30.793211,0.970210,26.113555,0.895653,0.997721
101,1.700034,1.404900,0.052960,30.783820,0.970190,26.152654,0.897213,0.997724
102,1.716701,1.183700,0.052960,30.883736,0.970603,26.347688,0.897588,0.997719
103,1.733368,1.496200,0.053440,30.810931,0.970486,26.360135,0.897942,0.997716
104,1.750035,1.340700,0.052680,31.259202,0.972418,26.394516,0.899029,0.997714
105,1.766702,1.364800,0.053640,31.348231,0.972462,26.308236,0.898179,0.997713
106,1.783369,1.250400,0.056640,31.378294,0.972124,26.329274,0.898485,0.997712
107,1.800036,1.454400,0.053880,31.385056,0.972369,26.305144,0.897563,0.997709
108,1.816703,1.430600,0.053000,31.298985,0.972080,26.274472,0.897392,0.997704
109,1.833370,1.282900,0.052400,31.416340,0.972447,26.271802,0.897314,0.997702
110,1.850037,1.521200,0.055160,31.679016,0.972830,26.264283,0.896729,0.997700
111,1.866704,1.360100,0.053000,31.512841,0.972309,26.256854,0.896865,0.997701
112,1.883371,1.267000,0.055720,30.760954,0.971086,26.037221,0.895674,0.997700
113,1.900038,1.796800,0.093960,30.350190,0.969497,25.864892,0.893057,0.997697
114,1.916705,1.268100,0.052360,30.376820,0.969176,25.933795,0.893883,0.997693
115,1.933372,1.928200,0.053560,30.457315,0.968746,25.912903,0.892850,0.997690
116,1.950039,1.574200,0.052640,30.572051,0.968981,25.953815,0.893243,0.997690
117,1.966706,1.281100,0.056040,30.523529,0.969058,25.935564,0.893369,0.997689
118,1.983373,1.704400,0.056440,30.416893,0.968890,25.905698,0.893204,0.997687
119,2.000040,1.177600,0.054120,30.416550,0.969007,25.901494,0.893100,0.997682
